{"0": {"rides": ["Haunted Mansion", "Pirates", "Carousel of Progress", "Big Thunder Mountain", "Splash Mountain", "Under the Sea", "Space Mountain", "Jungle Cruise", "Tomorrowland Speedway", "Tomorrowland Speedway", "Winnie the Pooh", "Carousel of Progress", "Small World", "Seven Dwarves Mine Train", "Big Thunder Mountain", "Aladdin", "Teacups", "Prince Charming's Carousel", "Pirates", "Aladdin", "Jungle Cruise", "People Mover", "Aladdin", "Jungle Cruise", "Carousel of Progress"], "walk": 228, "wait": 1, "num_guest": 1}}