{"0": {"rides": ["Astro Orbiter", "Small World", "Haunted Mansion", "Prince Charming's Carousel", "Carousel of Progress", "Jungle Cruise", "Jungle Cruise", "Space Mountain", "Tomorrowland Speedway", "Carousel of Progress", "Winnie the Pooh", "People Mover", "Buzz Lightyear", "Haunted Mansion", "Splash Mountain", "Small World", "Aladdin", "Buzz Lightyear", "Aladdin", "Teacups", "Big Thunder Mountain", "Aladdin", "Prince Charming's Carousel", "Space Mountain", "Space Mountain", "Tomorrowland Speedway", "Carousel of Progress", "Tomorrowland Speedway"], "walk": 218, "wait": 2, "num_guest": 1}}